province,region,food,search_query,output_relpath
北京市,不分区,卤煮,卤煮 ???? ????,中国34省真实图库/北京市/不分区/卤煮.jpg
北京市,不分区,卤煮,北京市 卤煮 ?? ??,中国34省真实图库/北京市/不分区/卤煮.jpg
北京市,不分区,卤煮,卤煮 ?? ??,中国34省真实图库/北京市/不分区/卤煮.jpg
北京市,不分区,卤煮,卤煮 ???,中国34省真实图库/北京市/不分区/卤煮.jpg
北京市,不分区,卤煮,卤煮 ?? ??,中国34省真实图库/北京市/不分区/卤煮.jpg
上海市,不分区,小笼包,小笼包 ???? ????,中国34省真实图库/上海市/不分区/小笼包.jpg
上海市,不分区,小笼包,上海市 小笼包 ?? ??,中国34省真实图库/上海市/不分区/小笼包.jpg
上海市,不分区,小笼包,小笼包 ?? ??,中国34省真实图库/上海市/不分区/小笼包.jpg
上海市,不分区,小笼包,小笼包 ???,中国34省真实图库/上海市/不分区/小笼包.jpg
上海市,不分区,小笼包,小笼包 ?? ??,中国34省真实图库/上海市/不分区/小笼包.jpg
河北省,冀北,口蘑,口蘑 ???? ????,中国34省真实图库/河北省/冀北/口蘑.jpg
河北省,冀北,口蘑,河北省 口蘑 ?? ??,中国34省真实图库/河北省/冀北/口蘑.jpg
河北省,冀北,口蘑,口蘑 ?? ??,中国34省真实图库/河北省/冀北/口蘑.jpg
河北省,冀北,口蘑,口蘑 ???,中国34省真实图库/河北省/冀北/口蘑.jpg
河北省,冀北,口蘑,口蘑 ?? ??,中国34省真实图库/河北省/冀北/口蘑.jpg
河北省,冀东,棋子烧饼,棋子烧饼 ???? ????,中国34省真实图库/河北省/冀东/棋子烧饼.jpg
河北省,冀东,棋子烧饼,河北省 棋子烧饼 ?? ??,中国34省真实图库/河北省/冀东/棋子烧饼.jpg
河北省,冀东,棋子烧饼,棋子烧饼 ?? ??,中国34省真实图库/河北省/冀东/棋子烧饼.jpg
河北省,冀东,棋子烧饼,棋子烧饼 ???,中国34省真实图库/河北省/冀东/棋子烧饼.jpg
河北省,冀东,棋子烧饼,棋子烧饼 ?? ??,中国34省真实图库/河北省/冀东/棋子烧饼.jpg
河北省,冀南,道口烧鸡,道口烧鸡 ???? ????,中国34省真实图库/河北省/冀南/道口烧鸡.jpg
河北省,冀南,道口烧鸡,河北省 道口烧鸡 ?? ??,中国34省真实图库/河北省/冀南/道口烧鸡.jpg
河北省,冀南,道口烧鸡,道口烧鸡 ?? ??,中国34省真实图库/河北省/冀南/道口烧鸡.jpg
河北省,冀南,道口烧鸡,道口烧鸡 ???,中国34省真实图库/河北省/冀南/道口烧鸡.jpg
河北省,冀南,道口烧鸡,道口烧鸡 ?? ??,中国34省真实图库/河北省/冀南/道口烧鸡.jpg
山西省,晋中,平遥牛肉,平遥牛肉 ???? ????,中国34省真实图库/山西省/晋中/平遥牛肉.jpg
山西省,晋中,平遥牛肉,山西省 平遥牛肉 ?? ??,中国34省真实图库/山西省/晋中/平遥牛肉.jpg
山西省,晋中,平遥牛肉,平遥牛肉 ?? ??,中国34省真实图库/山西省/晋中/平遥牛肉.jpg
山西省,晋中,平遥牛肉,平遥牛肉 ???,中国34省真实图库/山西省/晋中/平遥牛肉.jpg
山西省,晋中,平遥牛肉,平遥牛肉 ?? ??,中国34省真实图库/山西省/晋中/平遥牛肉.jpg
辽宁省,辽中南,老边饺子,老边饺子 ???? ????,中国34省真实图库/辽宁省/辽中南/老边饺子.jpg
辽宁省,辽中南,老边饺子,辽宁省 老边饺子 ?? ??,中国34省真实图库/辽宁省/辽中南/老边饺子.jpg
辽宁省,辽中南,老边饺子,老边饺子 ?? ??,中国34省真实图库/辽宁省/辽中南/老边饺子.jpg
辽宁省,辽中南,老边饺子,老边饺子 ???,中国34省真实图库/辽宁省/辽中南/老边饺子.jpg
辽宁省,辽中南,老边饺子,老边饺子 ?? ??,中国34省真实图库/辽宁省/辽中南/老边饺子.jpg
辽宁省,辽东,朝鲜冷面,朝鲜冷面 ???? ????,中国34省真实图库/辽宁省/辽东/朝鲜冷面.jpg
辽宁省,辽东,朝鲜冷面,辽宁省 朝鲜冷面 ?? ??,中国34省真实图库/辽宁省/辽东/朝鲜冷面.jpg
辽宁省,辽东,朝鲜冷面,朝鲜冷面 ?? ??,中国34省真实图库/辽宁省/辽东/朝鲜冷面.jpg
辽宁省,辽东,朝鲜冷面,朝鲜冷面 ???,中国34省真实图库/辽宁省/辽东/朝鲜冷面.jpg
辽宁省,辽东,朝鲜冷面,朝鲜冷面 ?? ??,中国34省真实图库/辽宁省/辽东/朝鲜冷面.jpg
辽宁省,辽北,大饼子,大饼子 ???? ????,中国34省真实图库/辽宁省/辽北/大饼子.jpg
辽宁省,辽北,大饼子,辽宁省 大饼子 ?? ??,中国34省真实图库/辽宁省/辽北/大饼子.jpg
辽宁省,辽北,大饼子,大饼子 ?? ??,中国34省真实图库/辽宁省/辽北/大饼子.jpg
辽宁省,辽北,大饼子,大饼子 ???,中国34省真实图库/辽宁省/辽北/大饼子.jpg
辽宁省,辽北,大饼子,大饼子 ?? ??,中国34省真实图库/辽宁省/辽北/大饼子.jpg
黑龙江省,大兴安岭地区,蓝莓制品,蓝莓制品 ???? ????,中国34省真实图库/黑龙江省/大兴安岭地区/蓝莓制品.jpg
黑龙江省,大兴安岭地区,蓝莓制品,黑龙江省 蓝莓制品 ?? ??,中国34省真实图库/黑龙江省/大兴安岭地区/蓝莓制品.jpg
黑龙江省,大兴安岭地区,蓝莓制品,蓝莓制品 ?? ??,中国34省真实图库/黑龙江省/大兴安岭地区/蓝莓制品.jpg
黑龙江省,大兴安岭地区,蓝莓制品,蓝莓制品 ???,中国34省真实图库/黑龙江省/大兴安岭地区/蓝莓制品.jpg
黑龙江省,大兴安岭地区,蓝莓制品,蓝莓制品 ?? ??,中国34省真实图库/黑龙江省/大兴安岭地区/蓝莓制品.jpg
江苏省,苏南,阳澄湖大闸蟹,阳澄湖大闸蟹 ???? ????,中国34省真实图库/江苏省/苏南/阳澄湖大闸蟹.jpg
江苏省,苏南,阳澄湖大闸蟹,江苏省 阳澄湖大闸蟹 ?? ??,中国34省真实图库/江苏省/苏南/阳澄湖大闸蟹.jpg
江苏省,苏南,阳澄湖大闸蟹,阳澄湖大闸蟹 ?? ??,中国34省真实图库/江苏省/苏南/阳澄湖大闸蟹.jpg
江苏省,苏南,阳澄湖大闸蟹,阳澄湖大闸蟹 ???,中国34省真实图库/江苏省/苏南/阳澄湖大闸蟹.jpg
江苏省,苏南,阳澄湖大闸蟹,阳澄湖大闸蟹 ?? ??,中国34省真实图库/江苏省/苏南/阳澄湖大闸蟹.jpg
江苏省,苏南,无锡酱排骨,无锡酱排骨 ???? ????,中国34省真实图库/江苏省/苏南/无锡酱排骨.jpg
江苏省,苏南,无锡酱排骨,江苏省 无锡酱排骨 ?? ??,中国34省真实图库/江苏省/苏南/无锡酱排骨.jpg
江苏省,苏南,无锡酱排骨,无锡酱排骨 ?? ??,中国34省真实图库/江苏省/苏南/无锡酱排骨.jpg
江苏省,苏南,无锡酱排骨,无锡酱排骨 ???,中国34省真实图库/江苏省/苏南/无锡酱排骨.jpg
江苏省,苏南,无锡酱排骨,无锡酱排骨 ?? ??,中国34省真实图库/江苏省/苏南/无锡酱排骨.jpg
浙江省,浙北,西湖醋鱼,西湖醋鱼 ???? ????,中国34省真实图库/浙江省/浙北/西湖醋鱼.jpg
浙江省,浙北,西湖醋鱼,浙江省 西湖醋鱼 ?? ??,中国34省真实图库/浙江省/浙北/西湖醋鱼.jpg
浙江省,浙北,西湖醋鱼,西湖醋鱼 ?? ??,中国34省真实图库/浙江省/浙北/西湖醋鱼.jpg
浙江省,浙北,西湖醋鱼,西湖醋鱼 ???,中国34省真实图库/浙江省/浙北/西湖醋鱼.jpg
浙江省,浙北,西湖醋鱼,西湖醋鱼 ?? ??,中国34省真实图库/浙江省/浙北/西湖醋鱼.jpg
浙江省,浙中,义乌东河肉饼,义乌东河肉饼 ???? ????,中国34省真实图库/浙江省/浙中/义乌东河肉饼.jpg
浙江省,浙中,义乌东河肉饼,浙江省 义乌东河肉饼 ?? ??,中国34省真实图库/浙江省/浙中/义乌东河肉饼.jpg
浙江省,浙中,义乌东河肉饼,义乌东河肉饼 ?? ??,中国34省真实图库/浙江省/浙中/义乌东河肉饼.jpg
浙江省,浙中,义乌东河肉饼,义乌东河肉饼 ???,中国34省真实图库/浙江省/浙中/义乌东河肉饼.jpg
浙江省,浙中,义乌东河肉饼,义乌东河肉饼 ?? ??,中国34省真实图库/浙江省/浙中/义乌东河肉饼.jpg
浙江省,浙西,衢州鸭头,衢州鸭头 ???? ????,中国34省真实图库/浙江省/浙西/衢州鸭头.jpg
浙江省,浙西,衢州鸭头,浙江省 衢州鸭头 ?? ??,中国34省真实图库/浙江省/浙西/衢州鸭头.jpg
浙江省,浙西,衢州鸭头,衢州鸭头 ?? ??,中国34省真实图库/浙江省/浙西/衢州鸭头.jpg
浙江省,浙西,衢州鸭头,衢州鸭头 ???,中国34省真实图库/浙江省/浙西/衢州鸭头.jpg
浙江省,浙西,衢州鸭头,衢州鸭头 ?? ??,中国34省真实图库/浙江省/浙西/衢州鸭头.jpg
安徽省,皖北,牛肉汤,牛肉汤 ???? ????,中国34省真实图库/安徽省/皖北/牛肉汤.jpg
安徽省,皖北,牛肉汤,安徽省 牛肉汤 ?? ??,中国34省真实图库/安徽省/皖北/牛肉汤.jpg
安徽省,皖北,牛肉汤,牛肉汤 ?? ??,中国34省真实图库/安徽省/皖北/牛肉汤.jpg
安徽省,皖北,牛肉汤,牛肉汤 ???,中国34省真实图库/安徽省/皖北/牛肉汤.jpg
安徽省,皖北,牛肉汤,牛肉汤 ?? ??,中国34省真实图库/安徽省/皖北/牛肉汤.jpg
安徽省,皖中,三河米饺,三河米饺 ???? ????,中国34省真实图库/安徽省/皖中/三河米饺.jpg
安徽省,皖中,三河米饺,安徽省 三河米饺 ?? ??,中国34省真实图库/安徽省/皖中/三河米饺.jpg
安徽省,皖中,三河米饺,三河米饺 ?? ??,中国34省真实图库/安徽省/皖中/三河米饺.jpg
安徽省,皖中,三河米饺,三河米饺 ???,中国34省真实图库/安徽省/皖中/三河米饺.jpg
安徽省,皖中,三河米饺,三河米饺 ?? ??,中国34省真实图库/安徽省/皖中/三河米饺.jpg
安徽省,皖南,黄山烧饼,黄山烧饼 ???? ????,中国34省真实图库/安徽省/皖南/黄山烧饼.jpg
安徽省,皖南,黄山烧饼,安徽省 黄山烧饼 ?? ??,中国34省真实图库/安徽省/皖南/黄山烧饼.jpg
安徽省,皖南,黄山烧饼,黄山烧饼 ?? ??,中国34省真实图库/安徽省/皖南/黄山烧饼.jpg
安徽省,皖南,黄山烧饼,黄山烧饼 ???,中国34省真实图库/安徽省/皖南/黄山烧饼.jpg
安徽省,皖南,黄山烧饼,黄山烧饼 ?? ??,中国34省真实图库/安徽省/皖南/黄山烧饼.jpg
福建省,闽东,佛跳墙,佛跳墙 ???? ????,中国34省真实图库/福建省/闽东/佛跳墙.jpg
福建省,闽东,佛跳墙,福建省 佛跳墙 ?? ??,中国34省真实图库/福建省/闽东/佛跳墙.jpg
福建省,闽东,佛跳墙,佛跳墙 ?? ??,中国34省真实图库/福建省/闽东/佛跳墙.jpg
福建省,闽东,佛跳墙,佛跳墙 ???,中国34省真实图库/福建省/闽东/佛跳墙.jpg
福建省,闽东,佛跳墙,佛跳墙 ?? ??,中国34省真实图库/福建省/闽东/佛跳墙.jpg
福建省,闽中,兴化米粉,兴化米粉 ???? ????,中国34省真实图库/福建省/闽中/兴化米粉.jpg
福建省,闽中,兴化米粉,福建省 兴化米粉 ?? ??,中国34省真实图库/福建省/闽中/兴化米粉.jpg
福建省,闽中,兴化米粉,兴化米粉 ?? ??,中国34省真实图库/福建省/闽中/兴化米粉.jpg
福建省,闽中,兴化米粉,兴化米粉 ???,中国34省真实图库/福建省/闽中/兴化米粉.jpg
福建省,闽中,兴化米粉,兴化米粉 ?? ??,中国34省真实图库/福建省/闽中/兴化米粉.jpg
福建省,闽西,长汀豆腐干,长汀豆腐干 ???? ????,中国34省真实图库/福建省/闽西/长汀豆腐干.jpg
福建省,闽西,长汀豆腐干,福建省 长汀豆腐干 ?? ??,中国34省真实图库/福建省/闽西/长汀豆腐干.jpg
福建省,闽西,长汀豆腐干,长汀豆腐干 ?? ??,中国34省真实图库/福建省/闽西/长汀豆腐干.jpg
福建省,闽西,长汀豆腐干,长汀豆腐干 ???,中国34省真实图库/福建省/闽西/长汀豆腐干.jpg
福建省,闽西,长汀豆腐干,长汀豆腐干 ?? ??,中国34省真实图库/福建省/闽西/长汀豆腐干.jpg
山东省,鲁中,九转大肠,九转大肠 ???? ????,中国34省真实图库/山东省/鲁中/九转大肠.jpg
山东省,鲁中,九转大肠,山东省 九转大肠 ?? ??,中国34省真实图库/山东省/鲁中/九转大肠.jpg
山东省,鲁中,九转大肠,九转大肠 ?? ??,中国34省真实图库/山东省/鲁中/九转大肠.jpg
山东省,鲁中,九转大肠,九转大肠 ???,中国34省真实图库/山东省/鲁中/九转大肠.jpg
山东省,鲁中,九转大肠,九转大肠 ?? ??,中国34省真实图库/山东省/鲁中/九转大肠.jpg
河南省,豫北,道口烧鸡,道口烧鸡 ???? ????,中国34省真实图库/河南省/豫北/道口烧鸡.jpg
河南省,豫北,道口烧鸡,河南省 道口烧鸡 ?? ??,中国34省真实图库/河南省/豫北/道口烧鸡.jpg
河南省,豫北,道口烧鸡,道口烧鸡 ?? ??,中国34省真实图库/河南省/豫北/道口烧鸡.jpg
河南省,豫北,道口烧鸡,道口烧鸡 ???,中国34省真实图库/河南省/豫北/道口烧鸡.jpg
河南省,豫北,道口烧鸡,道口烧鸡 ?? ??,中国34省真实图库/河南省/豫北/道口烧鸡.jpg
河南省,豫西,洛阳水席,洛阳水席 ???? ????,中国34省真实图库/河南省/豫西/洛阳水席.jpg
河南省,豫西,洛阳水席,河南省 洛阳水席 ?? ??,中国34省真实图库/河南省/豫西/洛阳水席.jpg
河南省,豫西,洛阳水席,洛阳水席 ?? ??,中国34省真实图库/河南省/豫西/洛阳水席.jpg
河南省,豫西,洛阳水席,洛阳水席 ???,中国34省真实图库/河南省/豫西/洛阳水席.jpg
河南省,豫西,洛阳水席,洛阳水席 ?? ??,中国34省真实图库/河南省/豫西/洛阳水席.jpg
河南省,豫东,逍遥镇胡辣汤,逍遥镇胡辣汤 ???? ????,中国34省真实图库/河南省/豫东/逍遥镇胡辣汤.jpg
河南省,豫东,逍遥镇胡辣汤,河南省 逍遥镇胡辣汤 ?? ??,中国34省真实图库/河南省/豫东/逍遥镇胡辣汤.jpg
河南省,豫东,逍遥镇胡辣汤,逍遥镇胡辣汤 ?? ??,中国34省真实图库/河南省/豫东/逍遥镇胡辣汤.jpg
河南省,豫东,逍遥镇胡辣汤,逍遥镇胡辣汤 ???,中国34省真实图库/河南省/豫东/逍遥镇胡辣汤.jpg
河南省,豫东,逍遥镇胡辣汤,逍遥镇胡辣汤 ?? ??,中国34省真实图库/河南省/豫东/逍遥镇胡辣汤.jpg
河南省,豫南,南阳黄牛肉汤,南阳黄牛肉汤 ???? ????,中国34省真实图库/河南省/豫南/南阳黄牛肉汤.jpg
河南省,豫南,南阳黄牛肉汤,河南省 南阳黄牛肉汤 ?? ??,中国34省真实图库/河南省/豫南/南阳黄牛肉汤.jpg
河南省,豫南,南阳黄牛肉汤,南阳黄牛肉汤 ?? ??,中国34省真实图库/河南省/豫南/南阳黄牛肉汤.jpg
河南省,豫南,南阳黄牛肉汤,南阳黄牛肉汤 ???,中国34省真实图库/河南省/豫南/南阳黄牛肉汤.jpg
河南省,豫南,南阳黄牛肉汤,南阳黄牛肉汤 ?? ??,中国34省真实图库/河南省/豫南/南阳黄牛肉汤.jpg
湖北省,鄂中,豆皮,豆皮 ???? ????,中国34省真实图库/湖北省/鄂中/豆皮.jpg
湖北省,鄂中,豆皮,湖北省 豆皮 ?? ??,中国34省真实图库/湖北省/鄂中/豆皮.jpg
湖北省,鄂中,豆皮,豆皮 ?? ??,中国34省真实图库/湖北省/鄂中/豆皮.jpg
湖北省,鄂中,豆皮,豆皮 ???,中国34省真实图库/湖北省/鄂中/豆皮.jpg
湖北省,鄂中,豆皮,豆皮 ?? ??,中国34省真实图库/湖北省/鄂中/豆皮.jpg
湖北省,鄂中,鸭脖,鸭脖 ???? ????,中国34省真实图库/湖北省/鄂中/鸭脖.jpg
湖北省,鄂中,鸭脖,湖北省 鸭脖 ?? ??,中国34省真实图库/湖北省/鄂中/鸭脖.jpg
湖北省,鄂中,鸭脖,鸭脖 ?? ??,中国34省真实图库/湖北省/鄂中/鸭脖.jpg
湖北省,鄂中,鸭脖,鸭脖 ???,中国34省真实图库/湖北省/鄂中/鸭脖.jpg
湖北省,鄂中,鸭脖,鸭脖 ?? ??,中国34省真实图库/湖北省/鄂中/鸭脖.jpg
湖北省,鄂北,襄阳牛肉面,襄阳牛肉面 ???? ????,中国34省真实图库/湖北省/鄂北/襄阳牛肉面.jpg
湖北省,鄂北,襄阳牛肉面,湖北省 襄阳牛肉面 ?? ??,中国34省真实图库/湖北省/鄂北/襄阳牛肉面.jpg
湖北省,鄂北,襄阳牛肉面,襄阳牛肉面 ?? ??,中国34省真实图库/湖北省/鄂北/襄阳牛肉面.jpg
湖北省,鄂北,襄阳牛肉面,襄阳牛肉面 ???,中国34省真实图库/湖北省/鄂北/襄阳牛肉面.jpg
湖北省,鄂北,襄阳牛肉面,襄阳牛肉面 ?? ??,中国34省真实图库/湖北省/鄂北/襄阳牛肉面.jpg
湖北省,鄂南,荆门矮子馅饼,荆门矮子馅饼 ???? ????,中国34省真实图库/湖北省/鄂南/荆门矮子馅饼.jpg
湖北省,鄂南,荆门矮子馅饼,湖北省 荆门矮子馅饼 ?? ??,中国34省真实图库/湖北省/鄂南/荆门矮子馅饼.jpg
湖北省,鄂南,荆门矮子馅饼,荆门矮子馅饼 ?? ??,中国34省真实图库/湖北省/鄂南/荆门矮子馅饼.jpg
湖北省,鄂南,荆门矮子馅饼,荆门矮子馅饼 ???,中国34省真实图库/湖北省/鄂南/荆门矮子馅饼.jpg
湖北省,鄂南,荆门矮子馅饼,荆门矮子馅饼 ?? ??,中国34省真实图库/湖北省/鄂南/荆门矮子馅饼.jpg
湖南省,湘北,常德牛肉粉,常德牛肉粉 ???? ????,中国34省真实图库/湖南省/湘北/常德牛肉粉.jpg
湖南省,湘北,常德牛肉粉,湖南省 常德牛肉粉 ?? ??,中国34省真实图库/湖南省/湘北/常德牛肉粉.jpg
湖南省,湘北,常德牛肉粉,常德牛肉粉 ?? ??,中国34省真实图库/湖南省/湘北/常德牛肉粉.jpg
湖南省,湘北,常德牛肉粉,常德牛肉粉 ???,中国34省真实图库/湖南省/湘北/常德牛肉粉.jpg
湖南省,湘北,常德牛肉粉,常德牛肉粉 ?? ??,中国34省真实图库/湖南省/湘北/常德牛肉粉.jpg
湖南省,湘西,米豆腐,米豆腐 ???? ????,中国34省真实图库/湖南省/湘西/米豆腐.jpg
湖南省,湘西,米豆腐,湖南省 米豆腐 ?? ??,中国34省真实图库/湖南省/湘西/米豆腐.jpg
湖南省,湘西,米豆腐,米豆腐 ?? ??,中国34省真实图库/湖南省/湘西/米豆腐.jpg
湖南省,湘西,米豆腐,米豆腐 ???,中国34省真实图库/湖南省/湘西/米豆腐.jpg
湖南省,湘西,米豆腐,米豆腐 ?? ??,中国34省真实图库/湖南省/湘西/米豆腐.jpg
广东省,粤东,蚝烙,蚝烙 ???? ????,中国34省真实图库/广东省/粤东/蚝烙.jpg
广东省,粤东,蚝烙,广东省 蚝烙 ?? ??,中国34省真实图库/广东省/粤东/蚝烙.jpg
广东省,粤东,蚝烙,蚝烙 ?? ??,中国34省真实图库/广东省/粤东/蚝烙.jpg
广东省,粤东,蚝烙,蚝烙 ???,中国34省真实图库/广东省/粤东/蚝烙.jpg
广东省,粤东,蚝烙,蚝烙 ?? ??,中国34省真实图库/广东省/粤东/蚝烙.jpg
海南省,琼北,海南粉,海南粉 ???? ????,中国34省真实图库/海南省/琼北/海南粉.jpg
海南省,琼北,海南粉,海南省 海南粉 ?? ??,中国34省真实图库/海南省/琼北/海南粉.jpg
海南省,琼北,海南粉,海南粉 ?? ??,中国34省真实图库/海南省/琼北/海南粉.jpg
海南省,琼北,海南粉,海南粉 ???,中国34省真实图库/海南省/琼北/海南粉.jpg
海南省,琼北,海南粉,海南粉 ?? ??,中国34省真实图库/海南省/琼北/海南粉.jpg
海南省,琼南,文昌鸡,文昌鸡 ???? ????,中国34省真实图库/海南省/琼南/文昌鸡.jpg
海南省,琼南,文昌鸡,海南省 文昌鸡 ?? ??,中国34省真实图库/海南省/琼南/文昌鸡.jpg
海南省,琼南,文昌鸡,文昌鸡 ?? ??,中国34省真实图库/海南省/琼南/文昌鸡.jpg
海南省,琼南,文昌鸡,文昌鸡 ???,中国34省真实图库/海南省/琼南/文昌鸡.jpg
海南省,琼南,文昌鸡,文昌鸡 ?? ??,中国34省真实图库/海南省/琼南/文昌鸡.jpg
海南省,琼南,抱罗粉,抱罗粉 ???? ????,中国34省真实图库/海南省/琼南/抱罗粉.jpg
海南省,琼南,抱罗粉,海南省 抱罗粉 ?? ??,中国34省真实图库/海南省/琼南/抱罗粉.jpg
海南省,琼南,抱罗粉,抱罗粉 ?? ??,中国34省真实图库/海南省/琼南/抱罗粉.jpg
海南省,琼南,抱罗粉,抱罗粉 ???,中国34省真实图库/海南省/琼南/抱罗粉.jpg
海南省,琼南,抱罗粉,抱罗粉 ?? ??,中国34省真实图库/海南省/琼南/抱罗粉.jpg
四川省,成都平原,龙抄手,龙抄手 ???? ????,中国34省真实图库/四川省/成都平原/龙抄手.jpg
四川省,成都平原,龙抄手,四川省 龙抄手 ?? ??,中国34省真实图库/四川省/成都平原/龙抄手.jpg
四川省,成都平原,龙抄手,龙抄手 ?? ??,中国34省真实图库/四川省/成都平原/龙抄手.jpg
四川省,成都平原,龙抄手,龙抄手 ???,中国34省真实图库/四川省/成都平原/龙抄手.jpg
四川省,成都平原,龙抄手,龙抄手 ?? ??,中国34省真实图库/四川省/成都平原/龙抄手.jpg
四川省,川南,冷吃兔,冷吃兔 ???? ????,中国34省真实图库/四川省/川南/冷吃兔.jpg
四川省,川南,冷吃兔,四川省 冷吃兔 ?? ??,中国34省真实图库/四川省/川南/冷吃兔.jpg
四川省,川南,冷吃兔,冷吃兔 ?? ??,中国34省真实图库/四川省/川南/冷吃兔.jpg
四川省,川南,冷吃兔,冷吃兔 ???,中国34省真实图库/四川省/川南/冷吃兔.jpg
四川省,川南,冷吃兔,冷吃兔 ?? ??,中国34省真实图库/四川省/川南/冷吃兔.jpg
四川省,川中,遂宁冲,遂宁冲 ???? ????,中国34省真实图库/四川省/川中/遂宁冲.jpg
四川省,川中,遂宁冲,四川省 遂宁冲 ?? ??,中国34省真实图库/四川省/川中/遂宁冲.jpg
四川省,川中,遂宁冲,遂宁冲 ?? ??,中国34省真实图库/四川省/川中/遂宁冲.jpg
四川省,川中,遂宁冲,遂宁冲 ???,中国34省真实图库/四川省/川中/遂宁冲.jpg
四川省,川中,遂宁冲,遂宁冲 ?? ??,中国34省真实图库/四川省/川中/遂宁冲.jpg
四川省,川西,牦牛肉,牦牛肉 ???? ????,中国34省真实图库/四川省/川西/牦牛肉.jpg
四川省,川西,牦牛肉,四川省 牦牛肉 ?? ??,中国34省真实图库/四川省/川西/牦牛肉.jpg
四川省,川西,牦牛肉,牦牛肉 ?? ??,中国34省真实图库/四川省/川西/牦牛肉.jpg
四川省,川西,牦牛肉,牦牛肉 ???,中国34省真实图库/四川省/川西/牦牛肉.jpg
四川省,川西,牦牛肉,牦牛肉 ?? ??,中国34省真实图库/四川省/川西/牦牛肉.jpg
贵州省,黔东南,牛瘪火锅,牛瘪火锅 ???? ????,中国34省真实图库/贵州省/黔东南/牛瘪火锅.jpg
贵州省,黔东南,牛瘪火锅,贵州省 牛瘪火锅 ?? ??,中国34省真实图库/贵州省/黔东南/牛瘪火锅.jpg
贵州省,黔东南,牛瘪火锅,牛瘪火锅 ?? ??,中国34省真实图库/贵州省/黔东南/牛瘪火锅.jpg
贵州省,黔东南,牛瘪火锅,牛瘪火锅 ???,中国34省真实图库/贵州省/黔东南/牛瘪火锅.jpg
贵州省,黔东南,牛瘪火锅,牛瘪火锅 ?? ??,中国34省真实图库/贵州省/黔东南/牛瘪火锅.jpg
贵州省,黔东南,糯米饭,糯米饭 ???? ????,中国34省真实图库/贵州省/黔东南/糯米饭.jpg
贵州省,黔东南,糯米饭,贵州省 糯米饭 ?? ??,中国34省真实图库/贵州省/黔东南/糯米饭.jpg
贵州省,黔东南,糯米饭,糯米饭 ?? ??,中国34省真实图库/贵州省/黔东南/糯米饭.jpg
贵州省,黔东南,糯米饭,糯米饭 ???,中国34省真实图库/贵州省/黔东南/糯米饭.jpg
贵州省,黔东南,糯米饭,糯米饭 ?? ??,中国34省真实图库/贵州省/黔东南/糯米饭.jpg
贵州省,黔西,豆米火锅,豆米火锅 ???? ????,中国34省真实图库/贵州省/黔西/豆米火锅.jpg
贵州省,黔西,豆米火锅,贵州省 豆米火锅 ?? ??,中国34省真实图库/贵州省/黔西/豆米火锅.jpg
贵州省,黔西,豆米火锅,豆米火锅 ?? ??,中国34省真实图库/贵州省/黔西/豆米火锅.jpg
贵州省,黔西,豆米火锅,豆米火锅 ???,中国34省真实图库/贵州省/黔西/豆米火锅.jpg
贵州省,黔西,豆米火锅,豆米火锅 ?? ??,中国34省真实图库/贵州省/黔西/豆米火锅.jpg
贵州省,黔西,花溪牛肉粉,花溪牛肉粉 ???? ????,中国34省真实图库/贵州省/黔西/花溪牛肉粉.jpg
贵州省,黔西,花溪牛肉粉,贵州省 花溪牛肉粉 ?? ??,中国34省真实图库/贵州省/黔西/花溪牛肉粉.jpg
贵州省,黔西,花溪牛肉粉,花溪牛肉粉 ?? ??,中国34省真实图库/贵州省/黔西/花溪牛肉粉.jpg
贵州省,黔西,花溪牛肉粉,花溪牛肉粉 ???,中国34省真实图库/贵州省/黔西/花溪牛肉粉.jpg
贵州省,黔西,花溪牛肉粉,花溪牛肉粉 ?? ??,中国34省真实图库/贵州省/黔西/花溪牛肉粉.jpg
云南省,滇中,过桥米线,过桥米线 ???? ????,中国34省真实图库/云南省/滇中/过桥米线.jpg
云南省,滇中,过桥米线,云南省 过桥米线 ?? ??,中国34省真实图库/云南省/滇中/过桥米线.jpg
云南省,滇中,过桥米线,过桥米线 ?? ??,中国34省真实图库/云南省/滇中/过桥米线.jpg
云南省,滇中,过桥米线,过桥米线 ???,中国34省真实图库/云南省/滇中/过桥米线.jpg
云南省,滇中,过桥米线,过桥米线 ?? ??,中国34省真实图库/云南省/滇中/过桥米线.jpg
云南省,滇东,宣威火腿,宣威火腿 ???? ????,中国34省真实图库/云南省/滇东/宣威火腿.jpg
云南省,滇东,宣威火腿,云南省 宣威火腿 ?? ??,中国34省真实图库/云南省/滇东/宣威火腿.jpg
云南省,滇东,宣威火腿,宣威火腿 ?? ??,中国34省真实图库/云南省/滇东/宣威火腿.jpg
云南省,滇东,宣威火腿,宣威火腿 ???,中国34省真实图库/云南省/滇东/宣威火腿.jpg
云南省,滇东,宣威火腿,宣威火腿 ?? ??,中国34省真实图库/云南省/滇东/宣威火腿.jpg
云南省,滇西,饵丝,饵丝 ???? ????,中国34省真实图库/云南省/滇西/饵丝.jpg
云南省,滇西,饵丝,云南省 饵丝 ?? ??,中国34省真实图库/云南省/滇西/饵丝.jpg
云南省,滇西,饵丝,饵丝 ?? ??,中国34省真实图库/云南省/滇西/饵丝.jpg
云南省,滇西,饵丝,饵丝 ???,中国34省真实图库/云南省/滇西/饵丝.jpg
云南省,滇西,饵丝,饵丝 ?? ??,中国34省真实图库/云南省/滇西/饵丝.jpg
云南省,滇西,乳扇,乳扇 ???? ????,中国34省真实图库/云南省/滇西/乳扇.jpg
云南省,滇西,乳扇,云南省 乳扇 ?? ??,中国34省真实图库/云南省/滇西/乳扇.jpg
云南省,滇西,乳扇,乳扇 ?? ??,中国34省真实图库/云南省/滇西/乳扇.jpg
云南省,滇西,乳扇,乳扇 ???,中国34省真实图库/云南省/滇西/乳扇.jpg
云南省,滇西,乳扇,乳扇 ?? ??,中国34省真实图库/云南省/滇西/乳扇.jpg
陕西省,关中,凉皮,凉皮 ???? ????,中国34省真实图库/陕西省/关中/凉皮.jpg
陕西省,关中,凉皮,陕西省 凉皮 ?? ??,中国34省真实图库/陕西省/关中/凉皮.jpg
陕西省,关中,凉皮,凉皮 ?? ??,中国34省真实图库/陕西省/关中/凉皮.jpg
陕西省,关中,凉皮,凉皮 ???,中国34省真实图库/陕西省/关中/凉皮.jpg
陕西省,关中,凉皮,凉皮 ?? ??,中国34省真实图库/陕西省/关中/凉皮.jpg
甘肃省,河西,臊面,臊面 ???? ????,中国34省真实图库/甘肃省/河西/臊面.jpg
甘肃省,河西,臊面,甘肃省 臊面 ?? ??,中国34省真实图库/甘肃省/河西/臊面.jpg
甘肃省,河西,臊面,臊面 ?? ??,中国34省真实图库/甘肃省/河西/臊面.jpg
甘肃省,河西,臊面,臊面 ???,中国34省真实图库/甘肃省/河西/臊面.jpg
甘肃省,河西,臊面,臊面 ?? ??,中国34省真实图库/甘肃省/河西/臊面.jpg
甘肃省,陇中,兰州牛肉面,兰州牛肉面 ???? ????,中国34省真实图库/甘肃省/陇中/兰州牛肉面.jpg
甘肃省,陇中,兰州牛肉面,甘肃省 兰州牛肉面 ?? ??,中国34省真实图库/甘肃省/陇中/兰州牛肉面.jpg
甘肃省,陇中,兰州牛肉面,兰州牛肉面 ?? ??,中国34省真实图库/甘肃省/陇中/兰州牛肉面.jpg
甘肃省,陇中,兰州牛肉面,兰州牛肉面 ???,中国34省真实图库/甘肃省/陇中/兰州牛肉面.jpg
甘肃省,陇中,兰州牛肉面,兰州牛肉面 ?? ??,中国34省真实图库/甘肃省/陇中/兰州牛肉面.jpg
甘肃省,陇东,饸饹面,饸饹面 ???? ????,中国34省真实图库/甘肃省/陇东/饸饹面.jpg
甘肃省,陇东,饸饹面,甘肃省 饸饹面 ?? ??,中国34省真实图库/甘肃省/陇东/饸饹面.jpg
甘肃省,陇东,饸饹面,饸饹面 ?? ??,中国34省真实图库/甘肃省/陇东/饸饹面.jpg
甘肃省,陇东,饸饹面,饸饹面 ???,中国34省真实图库/甘肃省/陇东/饸饹面.jpg
甘肃省,陇东,饸饹面,饸饹面 ?? ??,中国34省真实图库/甘肃省/陇东/饸饹面.jpg
甘肃省,陇南,洋芋糍粑,洋芋糍粑 ???? ????,中国34省真实图库/甘肃省/陇南/洋芋糍粑.jpg
甘肃省,陇南,洋芋糍粑,甘肃省 洋芋糍粑 ?? ??,中国34省真实图库/甘肃省/陇南/洋芋糍粑.jpg
甘肃省,陇南,洋芋糍粑,洋芋糍粑 ?? ??,中国34省真实图库/甘肃省/陇南/洋芋糍粑.jpg
甘肃省,陇南,洋芋糍粑,洋芋糍粑 ???,中国34省真实图库/甘肃省/陇南/洋芋糍粑.jpg
甘肃省,陇南,洋芋糍粑,洋芋糍粑 ?? ??,中国34省真实图库/甘肃省/陇南/洋芋糍粑.jpg
甘肃省,甘南,牦牛酸奶,牦牛酸奶 ???? ????,中国34省真实图库/甘肃省/甘南/牦牛酸奶.jpg
甘肃省,甘南,牦牛酸奶,甘肃省 牦牛酸奶 ?? ??,中国34省真实图库/甘肃省/甘南/牦牛酸奶.jpg
甘肃省,甘南,牦牛酸奶,牦牛酸奶 ?? ??,中国34省真实图库/甘肃省/甘南/牦牛酸奶.jpg
甘肃省,甘南,牦牛酸奶,牦牛酸奶 ???,中国34省真实图库/甘肃省/甘南/牦牛酸奶.jpg
甘肃省,甘南,牦牛酸奶,牦牛酸奶 ?? ??,中国34省真实图库/甘肃省/甘南/牦牛酸奶.jpg
青海省,青东,酿皮,酿皮 ???? ????,中国34省真实图库/青海省/青东/酿皮.jpg
青海省,青东,酿皮,青海省 酿皮 ?? ??,中国34省真实图库/青海省/青东/酿皮.jpg
青海省,青东,酿皮,酿皮 ?? ??,中国34省真实图库/青海省/青东/酿皮.jpg
青海省,青东,酿皮,酿皮 ???,中国34省真实图库/青海省/青东/酿皮.jpg
青海省,青东,酿皮,酿皮 ?? ??,中国34省真实图库/青海省/青东/酿皮.jpg
青海省,青西,炕锅羊排,炕锅羊排 ???? ????,中国34省真实图库/青海省/青西/炕锅羊排.jpg
青海省,青西,炕锅羊排,青海省 炕锅羊排 ?? ??,中国34省真实图库/青海省/青西/炕锅羊排.jpg
青海省,青西,炕锅羊排,炕锅羊排 ?? ??,中国34省真实图库/青海省/青西/炕锅羊排.jpg
青海省,青西,炕锅羊排,炕锅羊排 ???,中国34省真实图库/青海省/青西/炕锅羊排.jpg
青海省,青西,炕锅羊排,炕锅羊排 ?? ??,中国34省真实图库/青海省/青西/炕锅羊排.jpg
内蒙古自治区,东蒙,牛肉干,牛肉干 ???? ????,中国34省真实图库/内蒙古自治区/东蒙/牛肉干.jpg
内蒙古自治区,东蒙,牛肉干,内蒙古自治区 牛肉干 ?? ??,中国34省真实图库/内蒙古自治区/东蒙/牛肉干.jpg
内蒙古自治区,东蒙,牛肉干,牛肉干 ?? ??,中国34省真实图库/内蒙古自治区/东蒙/牛肉干.jpg
内蒙古自治区,东蒙,牛肉干,牛肉干 ???,中国34省真实图库/内蒙古自治区/东蒙/牛肉干.jpg
内蒙古自治区,东蒙,牛肉干,牛肉干 ?? ??,中国34省真实图库/内蒙古自治区/东蒙/牛肉干.jpg
内蒙古自治区,中蒙,烧麦,烧麦 ???? ????,中国34省真实图库/内蒙古自治区/中蒙/烧麦.jpg
内蒙古自治区,中蒙,烧麦,内蒙古自治区 烧麦 ?? ??,中国34省真实图库/内蒙古自治区/中蒙/烧麦.jpg
内蒙古自治区,中蒙,烧麦,烧麦 ?? ??,中国34省真实图库/内蒙古自治区/中蒙/烧麦.jpg
内蒙古自治区,中蒙,烧麦,烧麦 ???,中国34省真实图库/内蒙古自治区/中蒙/烧麦.jpg
内蒙古自治区,中蒙,烧麦,烧麦 ?? ??,中国34省真实图库/内蒙古自治区/中蒙/烧麦.jpg
内蒙古自治区,西蒙,烤全羊,烤全羊 ???? ????,中国34省真实图库/内蒙古自治区/西蒙/烤全羊.jpg
内蒙古自治区,西蒙,烤全羊,内蒙古自治区 烤全羊 ?? ??,中国34省真实图库/内蒙古自治区/西蒙/烤全羊.jpg
内蒙古自治区,西蒙,烤全羊,烤全羊 ?? ??,中国34省真实图库/内蒙古自治区/西蒙/烤全羊.jpg
内蒙古自治区,西蒙,烤全羊,烤全羊 ???,中国34省真实图库/内蒙古自治区/西蒙/烤全羊.jpg
内蒙古自治区,西蒙,烤全羊,烤全羊 ?? ??,中国34省真实图库/内蒙古自治区/西蒙/烤全羊.jpg
广西壮族自治区,桂中,红糟酸料,红糟酸料 ???? ????,中国34省真实图库/广西壮族自治区/桂中/红糟酸料.jpg
广西壮族自治区,桂中,红糟酸料,广西壮族自治区 红糟酸料 ?? ??,中国34省真实图库/广西壮族自治区/桂中/红糟酸料.jpg
广西壮族自治区,桂中,红糟酸料,红糟酸料 ?? ??,中国34省真实图库/广西壮族自治区/桂中/红糟酸料.jpg
广西壮族自治区,桂中,红糟酸料,红糟酸料 ???,中国34省真实图库/广西壮族自治区/桂中/红糟酸料.jpg
广西壮族自治区,桂中,红糟酸料,红糟酸料 ?? ??,中国34省真实图库/广西壮族自治区/桂中/红糟酸料.jpg
广西壮族自治区,桂东,螺蛳粉,螺蛳粉 ???? ????,中国34省真实图库/广西壮族自治区/桂东/螺蛳粉.jpg
广西壮族自治区,桂东,螺蛳粉,广西壮族自治区 螺蛳粉 ?? ??,中国34省真实图库/广西壮族自治区/桂东/螺蛳粉.jpg
广西壮族自治区,桂东,螺蛳粉,螺蛳粉 ?? ??,中国34省真实图库/广西壮族自治区/桂东/螺蛳粉.jpg
广西壮族自治区,桂东,螺蛳粉,螺蛳粉 ???,中国34省真实图库/广西壮族自治区/桂东/螺蛳粉.jpg
广西壮族自治区,桂东,螺蛳粉,螺蛳粉 ?? ??,中国34省真实图库/广西壮族自治区/桂东/螺蛳粉.jpg
广西壮族自治区,桂东,玉林牛巴,玉林牛巴 ???? ????,中国34省真实图库/广西壮族自治区/桂东/玉林牛巴.jpg
广西壮族自治区,桂东,玉林牛巴,广西壮族自治区 玉林牛巴 ?? ??,中国34省真实图库/广西壮族自治区/桂东/玉林牛巴.jpg
广西壮族自治区,桂东,玉林牛巴,玉林牛巴 ?? ??,中国34省真实图库/广西壮族自治区/桂东/玉林牛巴.jpg
广西壮族自治区,桂东,玉林牛巴,玉林牛巴 ???,中国34省真实图库/广西壮族自治区/桂东/玉林牛巴.jpg
广西壮族自治区,桂东,玉林牛巴,玉林牛巴 ?? ??,中国34省真实图库/广西壮族自治区/桂东/玉林牛巴.jpg
宁夏回族自治区,宁南,蒿子面,蒿子面 ???? ????,中国34省真实图库/宁夏回族自治区/宁南/蒿子面.jpg
宁夏回族自治区,宁南,蒿子面,宁夏回族自治区 蒿子面 ?? ??,中国34省真实图库/宁夏回族自治区/宁南/蒿子面.jpg
宁夏回族自治区,宁南,蒿子面,蒿子面 ?? ??,中国34省真实图库/宁夏回族自治区/宁南/蒿子面.jpg
宁夏回族自治区,宁南,蒿子面,蒿子面 ???,中国34省真实图库/宁夏回族自治区/宁南/蒿子面.jpg
宁夏回族自治区,宁南,蒿子面,蒿子面 ?? ??,中国34省真实图库/宁夏回族自治区/宁南/蒿子面.jpg
宁夏回族自治区,宁南,牛肉面,牛肉面 ???? ????,中国34省真实图库/宁夏回族自治区/宁南/牛肉面.jpg
宁夏回族自治区,宁南,牛肉面,宁夏回族自治区 牛肉面 ?? ??,中国34省真实图库/宁夏回族自治区/宁南/牛肉面.jpg
宁夏回族自治区,宁南,牛肉面,牛肉面 ?? ??,中国34省真实图库/宁夏回族自治区/宁南/牛肉面.jpg
宁夏回族自治区,宁南,牛肉面,牛肉面 ???,中国34省真实图库/宁夏回族自治区/宁南/牛肉面.jpg
宁夏回族自治区,宁南,牛肉面,牛肉面 ?? ??,中国34省真实图库/宁夏回族自治区/宁南/牛肉面.jpg
新疆维吾尔自治区,南疆,烤包子,烤包子 ???? ????,中国34省真实图库/新疆维吾尔自治区/南疆/烤包子.jpg
新疆维吾尔自治区,南疆,烤包子,新疆维吾尔自治区 烤包子 ?? ??,中国34省真实图库/新疆维吾尔自治区/南疆/烤包子.jpg
新疆维吾尔自治区,南疆,烤包子,烤包子 ?? ??,中国34省真实图库/新疆维吾尔自治区/南疆/烤包子.jpg
新疆维吾尔自治区,南疆,烤包子,烤包子 ???,中国34省真实图库/新疆维吾尔自治区/南疆/烤包子.jpg
新疆维吾尔自治区,南疆,烤包子,烤包子 ?? ??,中国34省真实图库/新疆维吾尔自治区/南疆/烤包子.jpg
新疆维吾尔自治区,东疆,烤肉,烤肉 ???? ????,中国34省真实图库/新疆维吾尔自治区/东疆/烤肉.jpg
新疆维吾尔自治区,东疆,烤肉,新疆维吾尔自治区 烤肉 ?? ??,中国34省真实图库/新疆维吾尔自治区/东疆/烤肉.jpg
新疆维吾尔自治区,东疆,烤肉,烤肉 ?? ??,中国34省真实图库/新疆维吾尔自治区/东疆/烤肉.jpg
新疆维吾尔自治区,东疆,烤肉,烤肉 ???,中国34省真实图库/新疆维吾尔自治区/东疆/烤肉.jpg
新疆维吾尔自治区,东疆,烤肉,烤肉 ?? ??,中国34省真实图库/新疆维吾尔自治区/东疆/烤肉.jpg
台湾省,不分区,卤肉饭,卤肉饭 ???? ????,中国34省真实图库/台湾省/不分区/卤肉饭.jpg
台湾省,不分区,卤肉饭,台湾省 卤肉饭 ?? ??,中国34省真实图库/台湾省/不分区/卤肉饭.jpg
台湾省,不分区,卤肉饭,卤肉饭 ?? ??,中国34省真实图库/台湾省/不分区/卤肉饭.jpg
台湾省,不分区,卤肉饭,卤肉饭 ???,中国34省真实图库/台湾省/不分区/卤肉饭.jpg
台湾省,不分区,卤肉饭,卤肉饭 ?? ??,中国34省真实图库/台湾省/不分区/卤肉饭.jpg
